id;specialization;category
1;ТЗ для дизайнера;1
2;ТЗ для программиста;1
3;ТЗ для маркетолога;1
4;ТЗ для SEO оптимизатора;1
5;ТЗ для Рекламщика;1
6;ТЗ для архитектора;1
7;ТЗ для инженера;1
8;ТЗ для писателя (контенщика);1
10;Инженеры по машинному обучению;6
11;Консультанты по визуализации данных;6
12;Разработчики Tableau;6
13;Разработчики и программисты R;6
14;Специалисты по Microsoft Power BI;6
15;Специалисты по анализу данных;6
16;Разработчики Magento;12
17;Разработчики Shopify;12
18;Разработчики SquareSpace;12
19;Разработчики WooCommerce;12
20;Разработчики электронной коммерции;12
23;3D Моделирование;10
25;Unity;10
26;VR (виртуальная реальность);10
28;Дизайнеры игр;10
29;Концепт/Эскизы;10
30;Макросы для игр;10
31;Озвучивание игр;10
33;Программирование игр;10
34;Разработчики Unity;10
35;Разработчики Unreal Engine;10
36;Разработчики виртуальной реальности;10
37;Разработчики дополненной реальности;10
38;Разработчики игр;10
39;Рисунки и иллюстрации;10
40;Тестирование игр (QA);10
41;Администраторы баз данных;4
42;Специалисты по технической поддержке;4
43;Системные администраторы;4
44;Сетевые инженеры;4
45;Разработчики AWS;4
46;Облачные вычисления;4
47;Аналитики по информационной безопасности;4
48;1С Битрикс;9
49;Юзабилити-анализ;9
50;Флеш-сайты;9
51;Ускорение веб-сайта;9
52;Тильда;9
53;Создание веб-сайтов;9
54;Системы администрирования (CMS);9
55;Проектирование веб-сайтов;9
56;Плагины и темы;9
57;Настройка веб-сайта;9
59;Лендинги;9
62;Исправление ошибок;9
63;Интернет-магазины;9
64;Защита и лечение веб-сайта;9
65;Доработка веб-сайта;9
66;Дизайн веб-сайтов;9
67;Верстка;9
68;Веб-сайт «под ключ»;9
69;Веб-программирование;9
70;Адаптивный дизайн;9
71;WordPress;9
72;Wap/PDA-сайты;9
73;QA (тестирование);9
74;Windows Phone;11
75;Разработчики приложений для Android;11
76;Разработчики мобильных приложений;11
77;Разработчики iOS;11
78;Разработчики API;11
79;Разработчики Android;11
80;Прототипирование;11
81;Дизайн приложений;11
82;Java-разработчики;8
83;Разработчики программного обеспечения;8
84;Разработчики полного стека;8
85;Разработчики и программисты Node.js;8
86;Разработчики и программисты C#;8
87;Разработчики SQL;8
88;Разработчики React.js;8
89;Разработчики React Native;8
90;Разработчики Python;8
91;Разработчики Microsoft Access;8
92;Разработчики Golang;8
93;Разработчики Django;8
94;Разработчики AngularJS;8
95;Разработчики .NET;8
96;Кодеры;8
97;Инженеры DevOps;8
98;Vue.js Разработчики;8
99;Back-End разработчики;5
101;Разработчики WordPress;5
102;Разработчики Ruby on Rails;5
103;Разработчики JavaScript;5
104;Разработчики CSS;5
105;Программисты и разработчики C++;5
106;Веб-разработчики;5
107;Веб-дизайнеры;5
108;UX дизайнеры;5
109;PHP-разработчики;5
110;Front-End разработчики;5
111;1С;7
112;Управление проектами разработки;7
113;Создание скриптов;7
114;Системный администратор;7
115;Системное программирование;7
116;Разработка Чат-ботов;7
117;Разработка технической документации;7
118;Разработка CRM и ERP;7
119;Проектирование;7
120;Программы на заказ;7
122;Программирование для сотовых телефонов и КПК;7
123;Прикладное программирование;7
124;Плагины/Сценарии/Утилиты;7
125;Парсинг данных;7
126;Организация мониторинга;7
127;Машинное обучение;7
129;Макросы для Office;7
130;Интерактивные приложения;7
131;Защита информации;7
132;Десктоп программирование;7
133;Готовые программы;7
134;Встраиваемые системы;7
136;Базы данных;7
137;QA автоматизация;7
139;Blockchain;7
140;1С-программирование;7
141;Аудит информационной безопасности;3
141;Специалист по Информационной безопасности;3
142;Разработка инфраструктуры информационной безопасности;3
143;IT;2
144;Продукт и проекты;2
145;Программирование;2
147;Маркетинг;2
148;Игры;2
149;Дизайн;2
150;Блокчейн;2
151;Аналитика;2
152;IT-архитектура;2
153;Администрирование сервера;13
154;Хостинг;13
155;Домены;13
156;Amazon Fire;14
157;Оптимизация магазина приложений;14
158;Геолокация;14
159;Виртуализация;14
160;Анализ удобства использования приложений;14
162;Windows Mobile;14
163;Windows CE;14
164;WebOS;14
165;Symbian;14
166;Samsung;14
167;Salesforce Lightning;14
168;Palm;14
169;Nokia;14
170;Metro;14
171;Kotlin;14
172;J2ME;14
173;iPhone;14
174;iPad;14
175;Blackberry;14
176;Apple Watch;14
178;Appcelerator Titanium;14
179;Android;14
180;Amazon Kindle;14
181;Инженеры по искусственному интеллекту;16
182;Эксперты Salesforce;16
183;Чат-боты;16
184;Тестировщики QA программного обеспечения;16
185;Специалисты по Zoho CRM;39
186;Скрипты;16
187;Разработчики блокчейна;16
188;Разработчики Salesforce;16
189;Разработчики Excel;16
190;Парсеры;16
191;Менеджеры по продуктам;16
192;Компьютерная и IT помощь;16
193;Инженеры по контролю качества;16
194;.NET;15
195;Alienbrain;15
196;Alibre Design;15
197;Alibaba;15
198;Alias;15
199;Algolia;15
200;Algogrand;15
201;Alexa Modification;15
202;ALBPM эксперт;15
203;Akka;15
204;Ajax4JSF;15
205;AJAX Toolkit;15
206;AJAX Frameworks;15
207;AJAX;15
208;Airtable;15
209;Agora;15
210;Agile Project Management;15
211;Agile Development;15
212;Affectiva;15
213;Advanced Business Application Programming (ABAP);15
214;Adobe XD;15
215;Adobe Workfront;15
216;Adobe Systems;15
217;Adobe Premiere Pro;15
218;Adobe Pagemaker;15
219;Adobe Muse;15
220;Adobe Illustrator;15
221;Adobe Freehand;15
222;Adobe Experience Manager;15
223;Adobe Dynamic Tag Management;15
224;Adobe Creative Cloud;15
225;Adobe Captivate;15
226;Adobe Audition;15
227;Adobe Animate;15
228;Adobe Analytics;15
229;Adobe Acrobat;15
230;Adobe Air;15
231;ABIS;15
232;ADO.NET;15
233;ADF / Oracle ADF;15
234;Ada programming;15
235;ActiveCampaign;15
236;Active Directory;15
237;ACARS;15
238;AC3;15
239;Ableton Push;15
240;Ableton Live;15
241;Ableton;15
242;AbleCommerce;15
243;.NET 5.0/6;15
244;Abaqus;15
245;ABAP Web Dynpro;15
246;ABAP List Viewer (ALV);15
247;Ab Initio;15
248;A+ Сертифицированный профессионал;15
249;A+ Сертифицированный ИТ-специалист;15
250;A/B тестирование;15
251;4D;15
252;.NET Core;15
253;.NET Core Web API;15
254;2D аниматоры;18
255;2D Анимация;18
256;2D Персонажи;18
257;2D Флеш-aнимация;18
258;3D аниматоры;18
261;Flash/Flex-программирование;18
262;Аниматоры;18
263;Баннеры;18
264;Виртуальные туры;18
265;Гейм-арт;18
266;Дизайнеры моушн-графики;18
268;Профессионалы в области видеоанимации;18
270;Специалисты по Adobe After Effects;18
271;Сценарии для анимации;18
272;Флеш-баннеры;18
273;Флеш-графика;18
275;Художники аниме;18
276;Художники по визуальным эффектам;18
277;Аранжировка;21
278;Аудиозапись и озвучка;21
279;Аудиоинженеры;21
280;Аудиоредакторы;21
281;Аудиоролик;21
282;Выделение звука из видео;21
283;Запись вокала;21
284;Звукорежиссеры;21
285;Музыка и песни;21
286;Музыкальные композиторы;21
287;Музыкальные продюсеры;21
288;Написание музыки;21
289;Нарраторы аудиокниг;21
290;Обработка звука;21
291;Озвучка и дикторы;21
292;Песня (музыка + текст + вокал);21
293;Профессионалы музыкального видео;21
294;Редактирование аудио;21
295;Тексты песен;21
296;Дизайнер машинной вышивки;24
297;Дизайнеры одежды;24
298;Дизайнеры ювелирных изделий;24
299;Иллюстраторы моды;24
300;Модели моды;24
301;Профессионалы швейного дела;24
302;Email-дизайн;22
303;Графические дизайнеры;22
304;Векторная графика;22
305;Дизайнеры баннеров;22
306;Дизайнеры визитных карточек;22
307;Дизайнеры инфографики, карт и схем;22
308;Дизайнеры книжных обложек;22
309;Дизайнеры логотипов;22
310;Дизайнеры плакатов;22
311;Дизайнеры социальных медиа;22
312;Дизайнеры упаковки;22
313;Дизайнеры флаеров;22
314;Дизайнеры футболок;22
315;Игровые дизайнеры;22
316;Иконки;22
317;Профессионалы 2D гейм-арта;22
319;Эксперты по Adobe InDesign;22
320;3D Анимация;17
321;3D дизайнеры;17
322;3D Иллюстрации;17
324;3D модельеры;17
325;3D Персонажи;17
327;Интерьеры;17
328;Предметная визуализация;17
329;Экстерьеры;17
330;Архитектура/Интерьер;29
331;Мероприятия/Репортажи;29
332;Модели;29
333;Промышленная фотосъемка;29
334;Рекламная/Постановочная;29
335;Ретушеры фотографий;29
336;Ретуширование/Коллажи;29
337;Свадебная фотосъемка;29
338;Фотографы;29
339;Фотографы продуктов;29
340;Фоторедакторы;29
341;Фотосъемка с дрона;29
342;Художественная/Арт;29
343;ActionScript;27
344;Adobe Creative Suite;27
345;Adobe Dreamweaver;27
346;Adobe Fireworks;27
347;Adobe Flash;27
348;Adobe FrameMaker;27
350;Adobe InDesign;27
351;Adobe Lightroom;27
352;Adobe LiveCycle Designer;27
353;Adobe Photoshop;27
354;Adobe Robohelp;27
355;Affinity Designer;27
356;Affinity Photo;27
357;After Effects;27
358;Animoto;27
359;Apple Compressor;27
360;Apple Logic Pro;27
361;Apple Motion;27
362;AutoCAD Архитектура;27
363;Autodesk;27
364;Autodesk Civil 3D;27
365;Autodesk Fusion 360;27
366;Autodesk Inventor;27
367;Autodesk Revit;27
368;Autodesk Sketchbook Pro;27
369;Avid;27
370;Axure;27
371;BricsCAD (САПР);27
372;Canva;27
373;Capture NX2;27
374;CGI;27
375;Cinema 4D;27
376;Clip Studio Paint;27
377;CMS IntelliCAD;27
378;Corel Painter;27
379;CorelDRAW;27
380;CSS;27
381;DaVinci Resolve;27
382;Doodle;27
383;Draftsight;27
384;Evernote;27
385;Figma;27
386;Final Cut Pro;27
387;Final Cut Pro X;27
388;Finale / Sibelius;27
389;FL Studio;27
390;Flash 3D;27
391;Flash Animation;27
392;Flex;27
393;Flow Charts;27
394;FlowVella;27
395;Google презентации;28
396;Prezi презентации;28
397;Видеопрезентации;28
398;Дизайн презентации;28
399;Интерактивные презентации;28
400;Презентации PowerPoint с анимацией для выступлений;28
401;Презентации в pdf;28
402;Билборды и стенды;25
403;Витрины и вывески;25
404;Плакаты;25
405;Предметы и аксессуары;28
406;Упаковка и этикетка;28
407;Электроника и устройства;28
408;NFT арт;19
409;Дизайн игр;19
411;Дизайнеры персонажей;19
412;Дизайнеры продукции;19
414;Иллюстраторы;19
415;Иллюстраторы детских книг;19
416;Иллюстрации и рисунки;19
417;Комиксы;19
418;Концепт-арт;19
419;Портрет;19
420;Принты;19
421;Рисовальщик;19
422;Стикеры;19
423;Тату;19
424;Шаблоны и рисунки;19
425;Шарж (карикатура);19
428;Дизайн городской среды;23
429;Дизайнеры интерьера;23
430;Дизайнеры по планировке помещений;23
432;Специалисты по дизайну мебели;23
434;Актеры;20
435;Анимационный ролик;20
436;Анимация логотипа;20
437;Аудиомонтаж;20
438;Видео с ведущим;20
439;Видеодизайн;20
440;Видеоинфографика;20
441;Видеомонтаж;20
444;Видеопродюсеры;20
445;Видеоредакторы;20
446;Видеоролики;20
447;Видеосъемка;20
448;Видеосъемка и монтаж;20
449;Видеосъемка с дрона;20
450;Диктор;20
451;Дудл-видео;20
452;Интро и анимация логотипа;20
453;Интро и заставки;20
454;Кастинг;20
455;Кинетическая типографика;20
456;Музыка/Звуки;20
457;Проморолик;20
458;Раскадровки;20
459;Режиссеры;20
460;Режиссура;20
461;Ролики для соцсетей;20
462;Свадебное видео;20
463;Скринкасты и видеообзоры;20
464;Слайд-шоу;20
465;Создание субтитров;20
466;Сценарии роликов;20
467;Брошюра и буклет;26
468;Верстка электронных изданий;26
469;Грамота и сертификат;26
470;Дизайн упаковки;26
471;Допечатная подготовка;26
472;Календарь и открытка;26
473;Каталог;26
474;Книга;26
475;Листовки и флаер;26
476;Меню;26
477;Плакат и афиша;26
478;Полиграфическая верстка;26
479;Полиграфический дизайн;26
480;Разработка шрифтов;26
481;Аэрография;30
482;Голосовые таланты;30
483;Граффити;30
484;Инструктивные дизайнеры;30
485;Картография;30
486;Креативные директора;30
487;Пиксел-арт;30
488;Художники комиксов;30
489;Художники манги;30
490;Художники-мультипликаторы;30
491;Цифровые художники;30
492;Эксперты Adobe Photoshop;30
493;3D-печать;31
494;AliExpress;31
495;Amazon;31
496;Ozon;31
497;Wildberries;31
498;Автоматизация процессов;31
499;Автоматизированное производство;31
500;Аксессуары для ЧПУ;31
501;Аналоговая электроника;31
502;Андон;31
503;Валидация процессов;31
504;Исследование нарушений патентных прав;31
505;Исследование продукта;31
506;Компьютеризированная вышивка;31
507;Компьютерное числовое управление;31
508;Модернизация станков с ЧПУ;31
509;Патентно-конструкторский поиск;31
510;Патентный ландшафт;31
511;Подбор поставщиков;31
512;Подбор продукции;31
513;Поиск валидности патента;31
514;Поиск недействительности патента;31
515;Поиск покупателей;31
516;Программирование ЧПУ;31
517;Производство;31
518;Разработка продукта;31
519;Свобода управления поиском;31
520;Уведомление;31
521;Цепочка поставок;31
522;Аналитики данных;33
523;Веб-аналитика;33
524;Маркетинговые стратеги;33
525;Специалисты по Google Tag Manager;33
526;Эксперты Google Analytics;33
527;Эксперты по автоматизации маркетинга;33
528;Actimize;93
529;CTO (Главный инженер);93
530;EBS Финансы;93
531;ECPay;93
532;ERP;93
533;Fircosoft;93
534;FIX API;93
535;Hiab Crane Trucking;93
536;Hotshot;93
537;IBM Db2;93
538;Intuit QuickBooks;93
539;ISO9001;93
540;LinkedIn Рекрутинг;93
541;MYOB;93
542;nCino;93
543;Nintex Forms;93
544;Nintex Workflow;93
545;OTRS;93
546;PeopleSoft;93
547;PitchBook;93
548;Salesforce CPQ;93
549;Salesforce.com;93
550;SAS;93
551;Unit4 Деловой мир;93
552;Workday Compensation;93
553;Workday Core HR;93
554;Workday Financials;93
555;Workday Payroll;93
556;Workday Talent & Recruiting;93
557;Workday Time & Absence;93
558;Workflow Consulting;93
559;Xero;93
560;Авиакомпания;93
561;Автоматизация бизнеса;93
562;Автомобильная компания;93
563;Автомобильный курьер;93
564;Автоперевозки сухими фургонами;93
565;Адвокат;93
566;Административная поддержка;93
567;Альтернативные инвестиции;93
568;Анализ возвратных платежей;93
569;Анализ данных;93
570;Андеррайтинг;93
571;Антимонопольная экономика;93
572;Аудит;93
573;Аудит TS/ISO 16949;93
574;Безопасность Workday;93
575;Бизнес-анализ;93
576;Бизнес-аналитика;93
577;Бизнес-консалтинг;93
578;Бизнес-коучинг;93
579;Составление Бизнес-планов;93
580;Бизнес-стратегия;93
581;Бортовые грузоперевозки;93
582;Борьба с отмыванием денег;93
583;Бухгалтерский учет;93
584;Бюджетирование и прогнозирование;93
585;Велосипедный курьер;93
586;Взыскание задолженности;93
587;Видеоконференции;93
588;Брендинг;34
589;Бренд-маркетинг;34
590;Бренд-менеджеры;34
591;Профессионалы в области брендинга;34
592;Специалисты по бренд-консалтингу;34
593;Специалисты по корпоративному фирменному стилю;34
594;Управление брендом;34
595;Авторы блогов;35
596;Контент-маркетологи;35
597;Контент-менеджеры веб-сайтов;35
599;B2B маркетинг;39
600;Email-маркетологи;39
601;Facebook Маркетинг;39
602;Google Adsense;39
603;Google Adwords;39
604;Google Shopping;39
605;Indiegogo;39
606;Marketo;39
607;PPC-маркетинг;39
608;Анализ конкурентов;39
609;Аффилированные маркетологи;39
610;Верификация Facebook;39
611;Верификация Instagram;39
612;Вирусный маркетинг;39
613;Входящий маркетинг;39
614;Генерация лидов;39
615;Интернет-исследования;39
616;Интернет-маркетинг;39
617;Консультанты по маркетингу;39
618;Лиды;39
619;Магазины Facebook;39
620;Маркетинг Hubspot;39
621;Маркетинг Instagram;39
622;Маркетинг Pardot;39
623;Маркетинг влиятельных лиц;39
624;Маркетинг подкастов;39
625;Маркетинг поисковых систем;39
626;Маркетинг удержания клиентов;39
627;Маркетинговая стратегия;39
628;Массовый маркетинг;39
629;Менеджеры онлайн-сообществ;39
630;Менеджеры по маркетингу;39
631;Мобильные маркетологи;39
632;Оптимизаторы коэффициента конверсии;39
633;Оптимизация коэффициента конверсии;39
634;Партнерский маркетинг;39
635;Подкастинг;39
636;Продуктовый маркетинг;39
637;Социальные видеомаркетологи;39
638;Специалисты по Mailchimp;39
639;Специалисты по электронной почте;39
640;Твиттер-маркетинг;39
641;Телемаркетинг;39
642;Цифровая стратегия;39
643;Цифровые маркетологи;39
644;Эксперты по генерации лидов;39
645;SEM (управление репутацией);32
646;SEO аудиты, консультации;32
647;SMO;32
648;Анализ сайтов, рынка;32
649;Внутренняя оптимизация;32
650;Контекстная реклама (Контент);32
651;Метрики и счетчики;32
652;Поведенческие факторы;32
653;Поисковые системы;32
654;Посетители на сайт (Трафик);32
655;Продажа ссылок (Ссылки);32
656;Продвижение сайта в топ;32
657;Семантическое ядро;32
658;Специалисты по PPC-рекламе;32
659;Специалисты по рекламе Google;32
660;Специалисты по рекламе Yandex;32
661;Статистика и аналитика;32
662;Эксперты по SEO;32
663;Facebook;38
664;Instagram;38
665;LinkedIn;38
666;Pinterest Маркетологи;38
667;SMM (маркетинг в соцсетях);38
668;Telegram;38
669;TikTok;38
670;Twitter;38
672;Youtube;38
674;ВКонтакте;38
675;Дзен;38
676;Маркетологи по работе с инфлюенсерами (лидерами мнений);38
677;Маркетологи социальных сетей;38
678;Менеджеры социальных медиа;38
679;Одноклассники;38
680;Социальный видеомаркетинг;38
681;Другие;38
682;Facebook реклама;37
683;Google реклама;37
684;Instagram реклама;37
685;Spotify реклама;37
686;Telegram реклама;37
687;Tiktok реклама;37
688;Unboxing Videos;37
689;Yandex реклама;37
690;YouTube реклама;37
691;Доски объявлений;37
692;Интерактивная реклама;37
693;Контент-маркетинг;37
694;Концепции рекламы;37
695;Продвижение музыки;37
696;Размещение рекламы;37
697;Реклама от блоггеров;37
698;Сбор и обработка информации;37
699;Сотрудники по продвижению;37
700;Справочники и каталоги;37
701;Таргетированная реклама;37
702;Телемаркетинг и телефонные продажи;37
703;eBay;36
704;MLM;36
705;WooCommerce;36
706;Внутренние продажи;36
707;Канальные продажи;36
708;Копирайтеры продающих текстов;36
709;Корпоративные продажи;36
710;Маркетплейсы;36
711;Менеджеры по продажам;36
712;Многоуровневый маркетинг;36
713;Мобильные продажи;36
714;Полевые продажи;36
715;Продажи IDM;36
716;Продажи ISV;36
717;Продажи SaaS;36
718;Продажи в здравоохранении;36
719;Продажи в области наук о жизни;36
720;Продажи в СМИ;36
721;Продажи в сфере HR;36
722;Продажи в сфере безопасности;36
723;Продажи дата-центров;36
724;Продажи заработной платы;36
725;Продажи и генерация лидов;36
726;Продажи комплектующих;36
727;Продажи медицинского оборудования;36
728;Продажи программного обеспечения;36
729;Продажи рекрутинга;36
730;Продажи телекоммуникаций;36
731;Продажи технологий;36
732;Продажи цифровых агентств;36
733;Продвижение Soundcloud;36
734;Продвижение продаж;36
735;Работа со СМИ;36
736;Реселлер;36
737;Розничные продажи;36
738;Сетевые продажи;36
740;Специалисты по холодным звонкам;36
741;Торговые представители;36
742;Управление корпоративными продажами;36
743;Управление полевыми продажами;36
744;Управление продажами;36
745;Управление счетами OEM;36
746;Управление счетами продаж;36
747;Финансовые продажи;36
748;Etsy;40
749;Eventbrite;40
750;HootSuite;40
751;Kartra;40
752;Keap;40
753;Kickstarter;40
754;Klaviyo;40
755;Mailchimp;40
756;Mailwizz;40
757;Periscope;40
758;PowerPoint эксперты;40
759;PR-менеджмент;40
760;SEMrush;40
761;SendGrid;40
762;SEOMoz;40
763;Sprout;40
764;Typeform;40
765;Бизнес-коучи;40
767;Визуальный мерчандайзинг;40
768;Исследования;40
769;Исследования рынка и опросы;40
770;Капельная рассылка;40
771;Креатив;40
772;Медиапланирование;40
773;Организация мероприятий;40
774;Покупатели СМИ;40
775;Профессионалы по теглайнам;40
776;Прямая рассылка;40
777;Специалисты по связям с общественностью;40
778;Телемаркетологи;40
779;Хакеры роста;40
780;SEO-тексты;44
781;Аудит контента;44
782;Карточки товаров;44
783;Комментарии;44
784;Корректура;44
785;Рерайтинг статей;44
786;Статьи;44
787;Сценарии;44
788;Художественные тексты;44
789;С аудио/видео;41
790;С изображений;41
791;Онлайн;41
792;Коммерческие предложения;43
793;Меткие фразы;43
794;Нейминг и слоганы;43
795;Посты для соцсетей;43
796;Продающие тексты;43
797;Резюме и вакансии;43
798;Реклама и email;43
799;Скрипты продаж и выступлений;43
800;Сопроводительные письма;43
801;Картография и карты;45
802;Контент-менеджер;45
804;Новости/Пресс-релизы;45
805;Постинг;45
806;Редактирование/Корректура;45
807;Рерайтинг;45
808;Рефераты/Курсовые/Дипломы;45
809;Сканирование и распознавание;45
811;Стихи/Поэмы/Эссе;45
812;Тексты на иностранных языках;45
813;Тексты/Речи/Рапорты;45
814;ТЗ/Помощь/Мануал;45
815;Корреспонденция/Деловая переписка;49
816;Локализация ПО, сайтов и игр;49
817;Перевод игры;49
818;Перевод текстов общей тематики;49
819;Редактирование переводов;49
820;Технический перевод;49
821;Устный перевод;49
822;Художественный перевод;49
823;Албанский;49
824;Американский язык жестов;49
825;Английская грамматика;49
826;Английский (Великобритания);49
827;Английский (США);49
828;Английский язык правописание;49
829;Арабский;49
830;Армянский;49
831;Африкаанс;49
832;Баскский;49
833;Бенгальский;49
834;Болгарский;49
835;Боснийский;49
836;Бретонский;49
837;Валлийский;49
838;Венгерский;49
839;Вьетнамский;49
840;Голландский;49
841;Греческий;49
842;Грузинский;49
843;Гуджрати;49
844;Дари;49
845;Датский;49
846;Динка;49
847;Иврит;49
848;Идиш;49
849;Индонезийский;49
850;Ирландский;49
851;Исландский;49
852;Испанский;49
853;Итальянский;49
854;Йоруба;49
855;Канадский французский;49
856;Каннада;49
857;Карельский;49
858;Кастильский испанский;49
859;Каталонский;49
860;Корейский;49
861;Латинский;49
862;Латышский;49
863;Лингвистика;49
864;Литовский;49
865;Македонский;49
867;Писатели эссе;46
869;Специалисты по академическому письму;46
870;Специалисты по курсам;46
871;Аналитики маркетинговых исследований;48
872;Бета-ридер;48
873;Деловое письмо;48
874;Исследователи;48
875;Комедийные тексты;48
876;Медицинские писатели;48
877;Писатели;48
878;Писатели биографий;48
879;Писатели моды;48
880;Писатели писем;48
881;Писатели резюме;48
882;Писатели-призраки;48
883;Рецензенты книг;48
886;Составители описаний вакансий;48
887;Маркетинговые исследования;93
889;Комедийные писатели;51
890;Писатели книг;51
891;Писатели коротких рассказов;51
892;Продюсер подкастинга;51
893;Профессионалы в области прямого издательства Kindle;51
894;Профессионалы по написанию сценариев;51
895;Сценаристы;51
896;Сценаристы выступлений;51
897;Творческие писатели;51
898;Художники по раскадровке;51
899;Книжные редакторы;50
900;Копировальные редакторы;50
901;Корректоры;50
902;Редакторы;50
903;Авторы грантов;53
904;Авторы статей;53
905;Журналисты;53
906;Книжное обозрение;53
907;Составители коммерческих предложений;53
908;Составители обзоров;53
909;Составители предложений;53
910;Специалисты по Википедии;53
911;Транскрибаторы;53
912;Составители белых книг;52
913;Составители исследовательских работ;52
914;Специалисты по LinkedIn;52
915;Технические писатели;52
916;SEO писатели;47
917;Копирайтеры сайтов;9
918;Онлайн писатели;47
919;Писатели блогов;47
921;Писатели описаний продуктов;47
922;Писатели электронных книг;47
923;Составители заголовков;47
924;Составители пресс-релизов;47
925;Специалисты по контенту для социальных сетей;47
926;Менеджеры по работе с клиентами;54
927;Менеджеры по работе с социальными сетями;54
929;Обработчики электронной почты;54
930;Представители по работе с клиентами;54
931;Представители службы поддержки клиентов;54
932;Специалисты Mailchimp;54
933;Специалисты по Zendesk;54
934;Специалисты по видеоконференциям Zoom;54
935;Специалисты по поддержке чатов;54
936;Эксперты по Salesforce;54
937;Adobe PDF эксперты;56
938;Google Sheets эксперты;56
939;Аналитика данных;56
940;Архитектура данных;56
941;Аудиторы;56
942;Извлечение данных;56
943;Конвертеры PDF;56
945;Обработка данных;56
946;Очистка данных;56
947;Предоставление данных;56
948;Проектирование баз данных;56
949;Скреперы данных;56
950;Сокращение данных;56
951;Специалисты по Excel;56
953;Специалисты по вводу данных;56
954;Специалисты по добыче данных;56
955;Специалисты по конвертации документов;56
956;Специалисты по сбору данных;56
957;Специалисты по электронным таблицам;56
958;Типировщики;56
959;ABBYY FineReader Распознавание текста;57
960;ANOVA;57
961;BPO;57
962;Call-центр;57
963;ePub;57
964;Excel;57
965;Excel VB Возможности;57
966;Excel VBA;57
967;Excel Макросы;57
968;Google Электронные таблицы;57
969;Helpdesk;57
970;LibreOffice;57
971;Microsoft Office;57
972;Microsoft Outlook;57
973;Microsoft Word;57
974;PostgreSQL Администрирование;57
975;Powerpoint Дизайн инфографики и слайдов;57
976;Qlik;57
977;qwerty;57
978;SAP Управление основными данными;57
980;Академическое администрирование;57
982;Веб-поиск;57
983;Загрузка видео;57
984;Закупки;57
985;Инвестиционные исследования;57
986;Качественные исследования;57
987;Модерация телеграмм;57
988;Набор текста;57
989;Обработка заказов;57
990;Обработка телефонных звонков;57
991;Обработка электронной почты;57
992;Обслуживание клиентов;57
993;Общий офис;57
994;Ответы на телефонные звонки;57
995;Отправка статей;57
996;Поддержка клиентов;57
997;Поддержка рабочего стола;57
998;Программная документация;57
999;Реляционные базы данных;57
1000;Телефонная поддержка;57
1001;Техническая поддержка;57
1002;Транскрипция;57
1003;Управление временем;57
1004;Управление записями;57
1005;Услуги контакт-центра;57
1006;Чат-операции;57
1007;Электронные таблицы;57
1008;Microsoft Office Эксперты;59
1009;Microsoft Word Эксперты;59
1010;Агенты колл-центра;59
1011;Административные помощники;59
1012;Ассистенты руководителей;59
1013;Виртуальные ассистенты;59
1014;Закрытые субтитры;59
1015;Медицинские транскрипторы;59
1016;Персональные ассистенты;59
1017;Расстановщики назначений;59
1018;Рекрутеры и консультанты по подбору персонала;59
1019;Специалисты по выгрузке продукции;59
1021;Стенографисты;59
1022;Транскрипторы;59
1023;Холодные звонки;59
1024;Веб-исследователи;58
1025;Веб-скраперы;58
1026;Интернет-исследователи;58
1027;Маркетологи eBay;58
1028;Проверка фактов;58
1029;Составители листингов eBay;58
1030;Специалисты по администрированию Etsy;58
1031;Эксперты по оптимизации листинга Amazon;58
1032;Готовые базы;55
1033;Проверка, чистка базы;55
1034;Сбор данных;55
1035;Бухгалтеры операционный учет;60
1037;Дизайнеры презентаций;60
1038;Медицинские кодеры, биллеры;60
1039;Менеджеры по организации мероприятий;60
1041;Планировщики мероприятий;60
1042;Планировщики путешествий;60
1044;Специалисты по Google Slides;60
1045;Специалисты по PowerPoint;60
1048;Intuit TurboTax Специалисты;61
1049;QuickBooks Консультанты;61
1050;Sage 50 Специалисты по бухгалтерскому учету;61
1051;Wave Специалисты по бухгалтерскому учету;61
1052;Xero Специалисты;61
1053;Бухгалтеры операционного учета;61
1054;Бухгалтеры сертифицированные;61
1055;Менеджеры по работе с дебиторской задолженностью;61
1056;Менеджеры по работе с кредиторской задолженностью;61
1057;Сертифицированные общественные бухгалтеры;61
1058;Специалисты по обработке платежных ведомостей;61
1059;Специалисты по подготовке налогов;61
1060;Финансовые бухгалтеры;61
1061;Excel Эксперты;62
1062;Аналитики по исследованию рынка;62
1063;Бизнес-аналитики;62
1064;Бизнес-консультанты;62
1065;Бизнес-менеджеры;62
1067;Консультанты;62
1068;Консультанты по стартапам;62
1069;Консультанты по управлению;62
1070;Консультанты по управлению цепочками поставок;62
1071;Менеджеры по контрактам;62
1072;Менеджеры программ;62
1073;Управление проектами;77
1074;Операционные менеджеры;62
1075;Разработчики бизнес-аналитики;62
1076;Специалисты по корпоративной стратегии;62
1077;Специалисты по оценке бизнеса;62
1078;Специалисты по развитию бизнеса;62
1079;Специалисты по тестированию производительности;62
1080;Специалисты по экономике;62
1081;Специалисты по электронной коммерции;62
1083;Юридические специалисты по контрактам;62
1084;Oracle Специалисты по финансовым приложениям;63
1085;Инвестиционные банкиры;63
1086;Инвестиционные менеджеры;63
1087;Криптовалютные профессионалы;63
1088;Специалисты по контролю за документацией;63
1089;Специалисты по проектному финансированию;63
1090;Специалисты по работе с финансовыми инструментами;63
1091;Специалисты по управлению рисками;63
1092;Финансовые аналитики;63
1093;Финансовые менеджеры;63
1094;Финансовые моделисты;63
1095;Финансовые планировщики;63
1096;Форекс-трейдеры;63
1097;Консультанты по венчурному капиталу;64
1098;Консультанты по привлечению средств;64
1099;Специалисты по краудфандингу;64
1100;BIM-специалисты;65
1101;Архитекторы;65
1103;Дизайнеры по освещению;65
1104;Дизайнеры поэтажных планов;65
1105;Консультанты по строительству;65
1106;Ландшафтные дизайнеры;65
1107;Сварщики;65
1108;Специалисты по архитектурному рендерингу;65
1109;Специалисты по городскому планированию;65
1110;Специалисты по гостиничному бизнесу;65
1111;Специалисты по проектированию кухонь;65
1112;3D Max Специалисты;67
1114;3D-моделисты;67
1115;3D-рендеринг Художники;67
1116;ArchiCAD Проектировщики;67
1117;AutoCAD Чертежники;67
1118;Autodesk Fusion 360 Специалисты;67
1119;Autodesk Revit Специалисты;67
1120;CATIA Специалисты;67
1121;SketchUp Специалисты;67
1122;SolidWorks Дизайнеры;67
1123;Проектировщики изделий;67
1125;Разработчики продуктов;67
1126;САПР Дизайнеры;67
1127;Специалисты по проектированию литьевых форм;67
1128;Специалисты по черчению;67
1129;Эксперт по 3D-печати;67
1130;Автомобильные инженеры;68
1131;Инженерные консультанты;68
1132;Инженеры по аэрокосмической технике;68
1133;Инженеры по робототехнике;68
1134;Инженеры-механики;68
1135;Инженеры-строители;68
1136;Инженеры-химики;68
1137;Инженеры-электрики;68
1138;Программисты Arduino;68
1139;Программисты ЧПУ;68
1140;Проектировщики печатных плат;68
1141;Промышленные дизайнеры;68
1142;Разработчики географических информационных систем (ГИС);68
1143;Специалисты по вычислительной гидродинамике (CFD);68
1144;Специалисты по инженерным чертежам;68
1145;Биологи;69
1146;Водоснабжение/Канализация;69
1147;Газоснабжение;69
1148;Геологи;69
1150;Конструкции;69
1151;Математики;69
1153;Менеджер по логистике Вакансии;69
1154;Отопление/Вентиляция;69
1155;Работа в сфере контрактного производства;69
1156;Работа в сфере скетчинга;69
1157;Работа по управлению контрактами;69
1158;Работа репетитора по математике;69
1159;Разработка радиоэлектронных систем;69
1160;Разработчики MATLAB;69
1161;Разработчики алгоритмов;69
1162;Слаботочные сети/Автоматизация;69
1163;Сметы;69
1164;Специалисты фармацевтической промышленности;69
1165;Статистические аналитики;69
1167;Химики;69
1168;Чертежи/Схемы;69
1169;Эксперты Excel;69
1171;Электрика;69
1172;Договорные менеджеры;70
1173;Налоговые консультанты;70
1174;Профессионалы в области делового права;70
1175;Профессионалы в области торгового права;70
1176;Профессионалы в области трудового права;70
1178;Профессионалы по партнерским соглашениям;70
1179;Составители договоров;70
1180;Специалисты по банкротству;70
1181;Специалисты по договорному праву;70
1182;Специалисты по защите прав потребителей;70
1183;Специалисты по корпоративному праву;70
1184;Специалисты по лицензированию брендов;70
1185;Специалисты по налоговым стратегиям;70
1186;Специалисты по соблюдению нормативных требований;70
1187;Специалисты по трастам, эстампам и завещаниям;70
1188;HIPAA Специалисты;71
1189;Международные юристы;71
1190;Профессионалы в области гражданского права;71
1191;Специалисты по иммиграционному праву;71
1192;Специалисты по семейному праву;71
1193;Специалисты по судебным разбирательствам;71
1194;Специалисты по уголовному праву;71
1195;Экологические юристы;71
1196;Юридические специалисты в области медицины;71
1197;Юридические специалисты по недвижимости;71
1198;Консультанты по товарным знакам;72
1199;Специалисты по авторскому праву;72
1200;Специалисты по лицензированию;72
1201;Специалисты по патентному поиску;72
1202;Специалисты по патентному праву;72
1203;Юридические специалисты по интеллектуальной;72
1204;Арбитражные адвокаты и юристы;73
1205;Параюристы Профессионалы;73
1206;Помощники юристов;73
1207;Профессионалы по составлению резюме показаний;73
1208;Специалисты по нотариату;73
1209;Юридические исследователи;73
1210;Юридические консультанты;73
1211;Юридические переводчики;73
1212;Юридические тексты;73
1213;Юридические транскрипторы;73
1214;Карьерные консультанты;74
1215;Мотивационные спикеры;74
1216;Специалисты по обучению и развитию;74
1217;Тренеры для руководителей;74
1218;Articulate Специалисты;75
1219;HR-консультанты;75
1220;ISO 9000 Специалисты;75
1221;LinkedIn Рекрутеры;75
1222;QHSE Специалисты;75
1223;SAP SuccessFactors Фрилансеры;75
1224;Workday Специалисты;75
1225;Интервьюеры;75
1226;Консультанты по компенсациям;75
1227;Менеджеры по персоналу;75
1228;Обучаемые специалисты;75
1229;Описание вакансии писатели;75
1230;Рекрутеры;75
1231;Специалист по адаптации;75
1232;Специалисты по безопасности и охране труда;75
1233;Специалисты по булевому поиску;75
1234;Специалисты по вовлечению сотрудников;75
1235;Специалисты по информационным системам управления персоналом;75
1236;Специалисты по кадровой политике;75
1237;Специалисты по обследованию заработной платы;75
1238;Специалисты по развитию лидерства;75
1239;Технические рекрутеры;75
1240;Фрилансеры по оценке компетенций;75
1241;Adobe Captivate Специалисты;76
1242;Articulate Rise Специалисты;76
1243;Articulate Storyline Специалисты;76
1244;Cisco Certified Network Associate (CCNA);76
1245;LearnDash Специалисты;76
1246;SCORM Специалисты;76
1247;Консультанты по вопросам образования;76
1248;Разработчики инструкций;76
1249;Разработчики учебных программ;76
1250;Специалисты по компьютерным навыкам;76
1251;Специалисты по обучению сотрудников;76
1252;Специалисты по ораторскому мастерству;76
1253;Специалисты по системам управления обучением (LMS);76
1254;Специалисты по электронному обучению;76
1255;Арт-директор;77
1256;Менеджер по персоналу;77
1257;Менеджер по продажам;77
1259;Продакт-менеджер;77
1260;Управление репутацией онлайн;77
1261;Аутсорсинг Бухгалтерия;91
1262;Аутсорсинг Ввод и обработка данных/текста;91
1263;Аутсорсинг Виртуальный ассистент;91
1264;Аутсорсинг Дизайн/Арт;91
1265;Аутсорсинг Кадровый учет и зарплата;91
1266;Аутсорсинг Обработка заказов;91
1267;Аутсорсинг Обработка писем;91
1268;Аутсорсинг Обработка платежей;91
1269;Аутсорсинг Обслуживание клиентов и поддержка;91
1270;Аутсорсинг Оптимизация (SEO);91
1271;Аутсорсинг Переводы/Тексты;91
1272;Аутсорсинг Поддержка по телефону;91
1273;Аутсорсинг Программирование;91
1274;Аутсорсинг Проектное финансирование;91
1275;Аутсорсинг Разработка сайтов;91
1276;Аутсорсинг Реклама/Маркетинг;91
1277;Аутсорсинг Репетиторы / Преподаватели;91
1278;Аутсорсинг Системы управления предприятием (ERP-системы);91
1279;Аутсорсинг Статистический анализ;91
1280;Аутсорсинг Техническая поддержка;91
1281;Аутсорсинг Финансовый консультант;91
1282;Аутсорсинг Юзабилити;91
1283;Аутсорсинг Юриспруденция;91
1284;Консалтинг Бухгалтерия;92
1285;Консалтинг Ввод и обработка данных/текста;92
1286;Консалтинг Виртуальный ассистент;92
1287;Консалтинг Дизайн/Арт;92
1288;Консалтинг Кадровый учет и зарплата;92
1289;Консалтинг Обработка заказов;92
1290;Консалтинг Обработка писем;92
1291;Консалтинг Обработка платежей;92
1292;Консалтинг Обслуживание клиентов и поддержка;92
1293;Консалтинг Оптимизация (SEO);92
1294;Консалтинг Переводы/Тексты;92
1295;Консалтинг Поддержка по телефону;92
1296;Консалтинг Программирование;92
1297;Консалтинг Проектное финансирование;92
1298;Консалтинг Разработка сайтов;92
1299;Консалтинг Реклама/Маркетинг;92
1300;Консалтинг Репетиторы / Преподаватели;92
1301;Консалтинг Системы управления предприятием (ERP-системы);92
1302;Консалтинг Техническая поддержка;92
1303;Консалтинг Юзабилити;92
1304;Консалтинг Юриспруденция;92
1305;Гуманитарные дисциплины;88
1306;Иностранные языки;88
1307;Кураторы;88
1308;Методисты;88
1309;Продюсеры курсов;88
1310;Путешествия;88
1311;Рефераты / Курсовые / Дипломы;88
1312;Стилист;88
1313;Технические дисциплины;88
1314;Логопедия;83
1315;Познавательно-речевое;83
1316;Скорочтение;83
1317;Иностранные языки (английский, французский, немецкий, китайский);86
1318;Переводчики;86
1319;Преподаватели в школе;86
1320;Английский язык;90
1321;Информатика;90
1322;Испанский язык;90
1323;Китайский язык;90
1324;Математика;90
1325;Немецкий язык;90
1326;Подготовка к ЕГЭ/ОГЭ;90
1327;Русский язык;90
1328;Французский язык;90
1329;Японский язык;90
1330;Детская;89
1331;Практики успеха;89
1332;Психология личности;89
1333;Сексология;89
1334;Семейные отношения;89
1335;Цифровая психология;89
1336;Астропрогнозы;82
1337;Гороскопы;82
1338;Консультации;82
1339;Живопись;85
1340;Рисунок;85
1341;Скульптура;85
1342;Театральное искусство;85
1343;Авторская песня;87
1344;Аккордеон;87
1345;Балалайка;87
1346;Баян;87
1347;Валторна;87
1348;Гитара;87
1349;Гобой;87
1350;Гусли;87
1351;Домбра;87
1352;Клавесин;87
1353;Кларнет;87
1354;Лютня;87
1355;Магдолина;87
1356;Орган;87
1357;Рояль;87
1358;Саксофон;87
1359;Синтезатор;87
1360;Тормбон;87
1361;Труба;87
1362;Туба;87
1363;Фагот;87
1364;Флейта;87
1365;Фортепиано;87
1366;Уроки вокала;87
1367;Выживание в экстремальных условиях;84
1368;Дыхательная гимнастика;84
1369;Йога;84
1370;Лечебное голодание;84
1371;Очищение организма;84
1372;Правильное питание;84
1373;Принципы ЗОЖ;84
1374;Сыроедение;84
1375;802.11;66
1376;A&P;66
1377;A1 Assessor;66
1378;AAUS Научный дайвер;66
1379;ABC Анализ;66
1380;Приводы переменного тока;66
1381;Физика ускорителей;66
1382;Акустическая инженерия;66
1383;Аэронавтическая инженерия;66
1384;Аэрокосмическая техника;66
1385;Агрономия;66
1386;ИИ (искусственный интеллект) HW/SW;66
1387;Эксплуатационные характеристики летательных аппаратов;66
1388;Движители летательных аппаратов;66
1389;Конструкции летательных аппаратов;66
1390;Авиационные системы;66
1391;Аэродромное освещение;66
1392;Планер самолета;66
1393;Управление воздушным пространством;66
1394;Управление аварийной сигнализацией;66
1395;Системы аварийной сигнализации;66
1396;Алхимик;66
1397;Алгоритм;66
1398;Аналог;66
1399;Аналоговые / смешанные сигналы / цифровые;66
1400;Анодирование;66
1401;Обнаружение аномалий;66
1402;Сертифицировано Anritsu;66
1403;Проектирование антенн;66
1404;Антропология;66
1405;Apple Homekit;66
1406;Apple MFI;66
1407;Arduino;66
1408;ARM;66
1409;ASIC;66
1410;Астрофизика;66
1412;AutoCAD;66
1413;Автомобильная промышленность;66
1414;Автомобильная инженерия;66
1415;Авиация;66
1416;Bare Metal;66
1417;Зарядка и аккумуляторы;66
1418;BeagleBone Black;66
1419;Анализ спецификации материалов (BOM);66
1420;Оценка спецификации материалов (BOM);66
1421;Оптимизация спецификации материалов (BOM);66
1422;Биология;66
1423;Биомедицинская инженерия;66
1424;Биотехнология;66
1425;Bluetooth;66
1426;Модуль Bluetooth;66
1427;Пакет поддержки платы (BSP);66
1428;Радиовещательная техника;66
1429;Строительная инженерия;66
1430;CAD/CAM;66
1431;Calculus;66
1432;CATIA;66
1433;Сотовый дизайн;66
1434;Модули сотовой связи;66
1435;Сотовый сервис;66
1436;Химическая инженерия;66
1437;Макетирование печатных плат;66
1438;Проектирование микросхем;66
1439;Гражданское строительство;66
1440;Чистые технологии;66
1441;Климатические науки;66
1442;Облачный сервис;66
1443;Комбинаторная оптимизация;66
1444;Комбинаторное решение проблем;66
1445;Комплаенс-инжиниринг;66
1446;Компонентный инжиниринг;66
1447;Вычислительный анализ;66
1448;Вычислительная гидродинамика;66
1449;Вычислительная лингвистика;66
1450;Строительный инжиниринг;66
1451;Строительный мониторинг;66
1452;Потребительские продукты;66
1453;Непрерывная интеграция;66
1454;Инженерия управления;66
1455;Проектирование систем управления;66
1456;Сети контроллеров (CAN);66
1457;Криптография;66
1458;Инженер по данным;66
1459;Добыча данных;66
1460;Наука о данных;66
1461;DDR3 (PCIe, проектирование плат/fpga);66
1462;Глубокое обучение;66
1463;DesignBuilder;66
1464;DevOps;66
1465;DFM (проектирование для производства);66
1466;Цифровое кодирование ASIC;66
1467;Цифровой дизайн;66
1468;Цифровая электроника;66
1469;Цифровая криминалистика;66
1470;Цифровые сети;66
1471;Сертификация DO-178;66
1472;Сертификация DO-254;66
1473;Буровая техника;66
1474;Беспилотники;66
1475;DSL/MODEMs;66
1476;Пограничные вычисления;66
1477;Электротехника;66
1478;Электронный дизайн;66
1479;Электроника;66
1481;Шифрование;66
1482;Энергетика;66
1483;Энергетическое моделирование;66
1485;Инженерное черчение;66
1486;Инженерная математика;66
1487;Экологический инжиниринг;66
1488;Оценка;66
1489;Анализ конечных элементов;66
1490;Проектирование гибких схем;66
1491;FPGA;66
1492;Кодирование FPGA;66
1493;Генеалогия;66
1494;Генетические алгоритмы;66
1495;Генетическая инженерия;66
1496;Геология;66
1497;Геопространство;66
1498;Геотехническая инженерия;66
1499;GPS;66
1500;Графический интерфейс пользователя (GUI);66
1501;Испытания HALT/HASS;66
1502;Здоровье;66
1503;Расчет тепловой нагрузки;66
1504;Проектирование дома;66
1505;Науки о человеке;66
1506;HVAC;66
1507;HyperLynx;66
1508;I2C;66
1509;Визуализация;66
1510;IMX6;66
1511;Промышленная инженерия;66
1512;Приборостроение;66
1513;Интерком;66
1514;Интернет вещей (IoT);66
1515;Приложения для обеспечения искробезопасности;66
1516;IP-ядра;66
1517;Радиомодуль ISM;66
1518;Калибровка ISO/IEC 17025;66
1519;Изометрия;66
1520;Линейное программирование;66
1521;Локальная межсетевая связь (LIN);66
1522;LoRa;66
1524;Машинное зрение / видеоаналитика;66
1525;Проектирование производства;66
1526;Производственный инжиниринг;66
1527;Морская инженерия;66
1528;Материаловедение;66
1530;MATLAB;15
1531;Matlab и Mathematica;15
1532;Механическое проектирование;66
1533;Механическая инженерия;66
1534;Мехатроника;66
1535;Медицина;66
1536;Медицинская инженерия;66
1537;Медицинские изделия;66
1538;МЭМС;66
1539;Микробиология;66
1540;Микроконтроллер;66
1541;Микростанция;66
1542;Midjourney;66
1543;Горное машиностроение;94
1544;Инженерия смешивания;66
1545;Управление двигателем;66
1546;Проектирование MPSoC;66
1547;Нанотехнологии;66
1548;Естественный язык;66
1549;Коммуникация ближнего поля (NFC);66
1550;Нейронные сети;66
1551;Открытый искусственный интеллект;66
1552;Оптическая инженерия;66
1553;Проектирование и компоновка печатных плат;66
1555;PCI Express;66
1556;Нефтяное машиностроение;94
1557;Фотограмметрия;66
1558;Физика;66
1559;PLC and SCADA;66
1560;Усилитель мощности RF;66
1561;Преобразователи мощности;66
1562;Генерация электроэнергии;66
1563;Перепроектирование электропитания;66
1564;Энергоснабжение;66
1565;Инжиниринг процессов;66
1566;Завершение срока службы продукции (EOL);66
1567;Управление продуктами;66
1568;Планирование проектов;66
1569;Оперативное проектирование;66
1570;Qi;66
1571;Тестирование качества и надежности;66
1572;Квант;66
1573;Квантовые вычисления;66
1574;РАДАР/ЛИДАР;66
1575;Радиочастоты;66
1576;Радиочастотная инженерия;66
1577;Быстрое прототипирование;66
1578;Раш-анализ;66
1579;Дистанционное зондирование;66
1580;Проектирование возобновляемых источников энергии;66
1581;Возобновляемые источники энергии;66
1582;Rezence;66
1583;RFID (радиочастотная идентификация);66
1584;Автоматизация роботизированных процессов;66
1585;Робототехника;66
1586;Робототехника и когнитивная автоматизация;66
1587;RTOS;66
1588;Программирование RUST;66
1589;Обзор схем;66
1590;Схемотехника;66
1591;Научные вычисления;66
1592;Научные исследования;66
1593;Безопасность;66
1594;Полупроводник;66
1595;Последовательный периферийный интерфейс (SPI);66
1596;Siemens NX;66
1597;Обработка сигналов;66
1598;Sigrity;66
1599;Моделирование;66
1600;Проектирование надежности объектов;66
1601;СМАРТ Сити;66
1602;Умное освещение;66
1603;Приложения для смартфонов/планшетов;66
1604;Проектирование SoC;66
1605;Солнечные батареи;66
1606;Solidworks;66
1607;Статистический анализ;66
1608;Статистическое моделирование;66
1609;Статистика;66
1610;STM32;66
1611;Структурная инженерия;66
1612;Проектирование серфбордов;66
1613;Системная инженерия;66
1614;Разработка технологий;93
1615;Телекоммуникации;66
1616;Телекоммуникационная техника;66
1617;Телекоммуникационные технологии;66
1618;Текстильное машиностроение;94
1619;Тепловые и экологические испытания;66
1620;Тепловой анализ;66
1621;Векторное исчисление;66
1622;Verilog / VHDL;66
1623;Очень крупномасштабная интеграция (VLSI);66
1624;Аппаратное обеспечение для видео;66
1625;Обработка видео;66
1626;Решения для виртуальных помощников (Alexa, Google, Siri, Home Kit, Cortana);66
1627;Устройства голосовой помощи;66
1628;Водонепроницаемый дизайн (IP68);66
1629;WiFi;66
1630;Беспроводная связь;66
1631;Сертификация беспроводных устройств (CSA, FCC, IEC, FAA, IEEE, CE, Atex);66
1632;Беспроводная зарядка;66
1633;Беспроводная радиочастотная инженерия;66
1634;Беспроводные датчики;66
1635;Беспроводные датчики и шлюзы;66
1636;Wolfram;66
1637;Yocto;66
1638;Zemax;66
1639;Zigbee;66
1640;Zwave;66
1641;судостроение;17
1642;тракторостроение;17
1643;железнодорожное;17
1644;станкостроение;17
1645;автомобильное;17
1646;авиастроение;17
1647;энергетическое;17
1648;оборонная деятельность;17
1649;ракетостроение;17
1650;электроника и электротехника;17
1651;роботостроение;17